id,first_name,last_name,email,gender,ip_address
1,Frannie,Jiranek,fjiranek0@yandex.ru,Female,14.49.234.251
3,Andrej,Manson,amanson2@arstechnica.com,Male,55.61.35.149
4,Karoly,Ledwith,kledwith3@theguardian.com,Male,74.105.202.121
9,Odille,Whisker,owhisker8@vinaora.com,Female,180.215.67.157
15,Friederike,Goford,fgoforde@blogs.com,Female,234.74.7.165
16,Luis,Anglim,langlimf@oakley.com,Male,137.229.98.67
19,Velma,Agiolfinger,vagiolfingeri@surveymonkey.com,Female,95.139.250.123
20,Dorie,Ivatts,divattsj@zdnet.com,Female,34.36.64.128
22,Moyra,Hrachovec,mhrachovecl@berkeley.edu,Genderfluid,203.165.112.123
27,Gale,Kelcher,gkelcherq@nbcnews.com,Female,172.175.59.81
31,Maurice,Rubbert,mrubbertu@reddit.com,Male,128.194.62.84
33,Reinhard,Crookshanks,rcrookshanksw@eventbrite.com,Male,208.178.217.62
36,Miguel,Jarrette,mjarrettez@reference.com,Male,155.217.16.191
37,Lewie,Theml,unknown@mail.com,Agender,57.181.231.141
38,Tara,MacGuigan,tmacguigan11@mozilla.org,Female,226.108.173.148
39,Tammie,Galgey,tgalgey12@sfgate.com,Male,155.84.211.70
40,Leonhard,Cicchinelli,lcicchinelli13@mit.edu,Male,64.105.245.91
41,Rusty,Adriano,radriano14@answers.com,Male,254.251.32.93
46,Clotilda,Lawling,clawling19@nps.gov,,164.63.34.71
48,Lotte,Kunrad,lkunrad1b@feedburner.com,Female,4.169.190.247
49,Ferris,Robert,frobert1c@salon.com,Male,92.218.239.9
50,Britt,Baythrop,bbaythrop1d@vkontakte.ru,Genderqueer,176.113.114.151
54,Rina,Maciocia,rmaciocia1h@vinaora.com,Female,52.6.13.170
65,Grant,Capoun,gcapoun1s@imgur.com,Male,14.223.229.86
67,Batholomew,Hatliff,bhatliff1u@jugem.jp,Male,161.95.25.136
73,Wolfie,Jiru,wjiru20@google.fr,Male,13.75.95.219
74,Eloisa,Kinnin,ekinnin21@princeton.edu,Female,171.105.157.215
83,Joanie,Sarton,jsarton2a@fc2.com,Female,159.101.175.235
86,Meredeth,Twidell,mtwidell2d@mediafire.com,Male,111.126.173.23
87,Chanda,Hanwright,chanwright2e@biblegateway.com,Female,251.250.157.6
88,Barclay,Scarse,bscarse2f@constantcontact.com,Male,244.116.102.159
89,Jameson,Sarsfield,jsarsfield2g@parallels.com,Male,109.159.222.208
100,Antonietta,Morlon,unknown@mail.com,Polygender,36.241.94.40
